{
  "n_queries": 100,
  "use_reranking": false,
  "avg_latency": 0.02179345369338989,
  "std_latency": 0.003862584704697637,
  "min_latency": 0.01623845100402832,
  "max_latency": 0.04916644096374512,
  "p50_latency": 0.02129530906677246,
  "p95_latency": 0.026573097705841063,
  "p99_latency": 0.03172255516052255,
  "recall@1": 0.93,
  "mrr@1": 0.93,
  "precision@1": 0.93,
  "ndcg@1": 0.93,
  "recall@5": 1.0,
  "mrr@5": 0.9633333333333334,
  "precision@5": 0.19999999999999996,
  "ndcg@5": 0.9728557852142875,
  "recall@10": 1.0,
  "mrr@10": 0.9633333333333334,
  "precision@10": 0.09999999999999998,
  "ndcg@10": 0.9728557852142875,
  "recall@20": 1.0,
  "mrr@20": 0.9633333333333334,
  "precision@20": 0.04999999999999999,
  "ndcg@20": 0.9728557852142875
}